/Oldham-Engineering-Limited/index.{html} /Oldham-Engineering-Limited/
/Royal-Air-Forces-Association/index.{html} /Royal-Air-Forces-Association/
/Vodafone/index.{html} /Vodafone/
/GMCA/index.{html} /GMCA/
/MIDAS/index.{html} /MIDAS/
/Microlise/index.{html} /Microlise/
/IBM/index.{html} /IBM/
/Lockheed-Martin/index.{html} /Lockheed-Martin/
/Mace/index.{html} /Mace/
/MoD/index.{html} /MoD/
/Soapworks/index.{html} /Soapworks/
/Atec/index.{html} /Atec/
/DSEI/index.{html} /DSEI/
/Fujitsu/index.{html} /Fujitsu/
/Elbit-Ferranti/index.{html} /Elbit-Ferranti/
/Safran-Landing-Systems/index.{html} /Safran-Landing-Systems/
/Laser-beam-collab/index.{html} /Laser-beam-collab/
/Microwave-Products-Group/index.{html} /Microwave-Products-Group/
/Mini-Gears/index.{html} /Mini-Gears/
/Russian-Visa-Application-Service/index.{html} /Russian-Visa-Application-Service/
/Teledyne/index.{html} /Teledyne/
/DIT/index.{html} /DIT/
/Frazer-Nash-Consultancy-Ltd/index.{html} /Frazer-Nash-Consultancy-Ltd/
/KTN/index.{html} /KTN/
/Thales/index.{html} /Thales/
/Coalfire/index.{html} /Coalfire/
/GCHQ/index.{html} /GCHQ/
/MAK-Technologies/index.{html} /MAK-Technologies/
/CACI/index.{html} /CACI/
/Deloitte/index.{html} /Deloitte/
/Krauss-Maffei-Wegmann-GmbH-Co-KG/index.{html} /Krauss-Maffei-Wegmann-GmbH-Co-KG/
/Naimuri/index.{html} /Naimuri/
/Office-for-Communications-Data-Authorisations/index.{html} /Office-for-Communications-Data-Authorisations/
/Arralis/index.{html} /Arralis/
/Atos/index.{html} /Atos/
/BAE-Systems/index.{html} /BAE-Systems/
/Plumley-PSD/index.{html} /Plumley-PSD/
/Stop-the-Scan/index.{html} /Stop-the-Scan/
/thyssenkrupp/index.{html} /thyssenkrupp/
/Hensoldt/index.{html} /Hensoldt/
/Hyde-Group/index.{html} /Hyde-Group/
/NBTC/index.{html} /NBTC/
/Northrop-Grumman/index.{html} /Northrop-Grumman/
/SONY/index.{html} /SONY/
/Atkins/index.{html} /Atkins/
/Capstan-House/index.{html} /Capstan-House/
/Eurofins-EE/index.{html} /Eurofins-EE/
/Sopra-Steria/index.{html} /Sopra-Steria/
/University-of-Manchester/index.{html} /University-of-Manchester/
/Home-Office-Cyber-Security-Operations-Center/index.{html} /Home-Office-Cyber-Security-Operations-Center/
/ICI/index.{html} /ICI/
/Jaguar-Land-Rover/index.{html} /Jaguar-Land-Rover/
/MI5/index.{html} /MI5/
/Pennant-International-Limited/index.{html} /Pennant-International-Limited/
/Accenture/index.{html} /Accenture/
/Edgar-Brothers/index.{html} /Edgar-Brothers/
/GrapheneManchester/index.{html} /GrapheneManchester/
/Ricardo/index.{html} /Ricardo/
/RINA/index.{html} /RINA/
/Rebellion-Defence-Ltd/index.{html} /Rebellion-Defence-Ltd/
/Manchester-Science-Park/index.{html} /Manchester-Science-Park/
/Milliken-Company/index.{html} /Milliken-Company/
/Permali-Gloucester/index.{html} /Permali-Gloucester/
/Made-Smarter/index.{html} /Made-Smarter/
/Nasmyth-Group-Ltd/index.{html} /Nasmyth-Group-Ltd/
/Rolls-Royce/index.{html} /Rolls-Royce/
/The-Growth-Company/index.{html} /The-Growth-Company/
/CAAT/index.{html} /CAAT/
/Geollect/index.{html} /Geollect/
/KMW/index.{html} /KMW/
/Thermoteknix-Systems-Ltd/index.{html} /Thermoteknix-Systems-Ltd/
/F-secure/index.{html} /F-secure/
/HMRC/index.{html} /HMRC/
/National-Crime-Agency/index.{html} /National-Crime-Agency/
/SSAFA/index.{html} /SSAFA/
/Turner-Townsend/index.{html} /Turner-Townsend/
/Versarien/index.{html} /Versarien/
/index.html /
/3M/index.{html} /3M/
/Cyber-Resilience-Centre/index.{html} /Cyber-Resilience-Centre/
/Engie-Axima-Marine/index.{html} /Engie-Axima-Marine/
/Jacobs/index.{html} /Jacobs/
/Nammo/index.{html} /Nammo/
/National-Management-Center/index.{html} /National-Management-Center/
/Chinese-Consulate-General/index.{html} /Chinese-Consulate-General/
/Future-Everything/index.{html} /Future-Everything/
/IMI-Critical-Engineering/index.{html} /IMI-Critical-Engineering/
/Royal-Navy/index.{html} /Royal-Navy/
/CGI/index.{html} /CGI/
/Metalweb-Ltd/index.{html} /Metalweb-Ltd/
/Northern-Diver-International/index.{html} /Northern-Diver-International/
/RAF/index.{html} /RAF/
/Raytheon/index.{html} /Raytheon/
/QinetiQ/index.{html} /QinetiQ/
/RC-Fornax/index.{html} /RC-Fornax/
/SHERWIN-WILLIAMS/index.{html} /SHERWIN-WILLIAMS/
/Special-Branch/index.{html} /Special-Branch/
/TWI-Ltd/index.{html} /TWI-Ltd/
/FinGo/index.{html} /FinGo/
/GMCAG/index.{html} /GMCAG/
/IVF-HARTMANN-AG/index.{html} /IVF-HARTMANN-AG/
/UK-Fast/index.{html} /UK-Fast/
